{"bash3.sh": [0.00056276666666666558, 0.00048423333333333374, 0.00046040000000000246, 0.00046699999999999704, 0.00060996666666666608, 0.00056756666666666808, 0.00047303333333333271, 0.00051700000000000172, 0.0004749666666666661, 0.00053103333333333433, 0.00056656666666666427, 0.00056436666666666768, 0.00051380000000000132, 0.00064086666666666916, 0.00052663333333333173, 0.00054839999999999891, 0.00052330000000000063, 0.00048529999999999776, 0.00049133333333334177, 0.00052140000000000151, 0.00060353333333333745, 0.00060796666666666495, 0.00051903333333333155, 0.00053216666666666321, 0.00048976666666666522, 0.00045956666666666833, 0.00046323333333333122, 0.00046863333333333108, 0.00049293333333333411, 0.00049706666666666046], "bash.sh": [0.00048220000000000668, 0.00046696666666667198, 0.00046873333333331916, 0.00054699999999999747, 0.0005208333333333407, 0.00055433333333333441, 0.00047273333333333427, 0.00045029999999999978, 0.00048420000000000131, 0.00046683333333334226, 0.00047179999999999998, 0.00047836666666666673, 0.00044273333333333018, 0.00050213333333332479, 0.00059073333333334126, 0.00048376666666667033, 0.00051919999999999376, 0.00048923333333333505, 0.00046516666666666467, 0.00046876666666666086, 0.00050583333333331648, 0.00047863333333332997, 0.00052176666666666025, 0.00051686666666668209, 0.00049683333333332418, 0.00045450000000000584, 0.00047633333333332677, 0.00047413333333334119, 0.00047416666666667183, 0.00055596666666667409], "bash2.sh": [0.00058100000000003884, 0.00061616666666667686, 0.00050663333333336908, 0.00051923333333333177, 0.00054626666666668378, 0.00048480000000002593, 0.00044669999999999248, 0.00050160000000004277, 0.00055556666666666627, 0.00052956666666667356, 0.00052106666666667709, 0.00050673333333334605, 0.00052226666666666715, 0.00054090000000002188, 0.00051349999999998153, 0.00048856666666667137, 0.00052106666666671406, 0.00051616666666667312, 0.00054886666666669197, 0.00051533333333332696, 0.00050826666666667168, 0.00054540000000002182, 0.00051639999999999466, 0.00057336666666666736, 0.00055243333333331686, 0.00051530000000000369, 0.00044480000000003038, 0.00058579999999998453, 0.00055993333333332154, 0.00057056666666666827]}